[
  {
    "id": "a2c4dc20-2b99-4043-8491-0768631336c9",
    "data": [
      {
        "text": "that\u0027s enough",
        "userDefined": false
      }
    ],
    "isTemplate": false,
    "count": 0,
    "lang": "en",
    "updated": 0
  },
  {
    "id": "9074cc1d-c2d3-4194-8a82-98c5eb35b82d",
    "data": [
      {
        "text": "no, I am fine",
        "userDefined": false
      }
    ],
    "isTemplate": false,
    "count": 0,
    "lang": "en",
    "updated": 0
  },
  {
    "id": "c99d8a57-edbc-417c-9a37-6506f337e1f2",
    "data": [
      {
        "text": "no",
        "userDefined": false
      }
    ],
    "isTemplate": false,
    "count": 0,
    "lang": "en",
    "updated": 0
  },
  {
    "id": "f22d8f6f-4b62-4a15-ad15-e5c0b255b2ca",
    "data": [
      {
        "text": "no, thank you",
        "userDefined": false
      }
    ],
    "isTemplate": false,
    "count": 0,
    "lang": "en",
    "updated": 0
  }
]