[
  {
    "id": "3f84c450-fd88-4e35-9d97-d79f5552678b",
    "data": [
      {
        "text": "Desserts and drinks",
        "userDefined": false
      }
    ],
    "isTemplate": false,
    "count": 0,
    "lang": "en",
    "updated": 0
  },
  {
    "id": "e3e8a454-f8fd-4044-a96d-8a1c8d2d7933",
    "data": [
      {
        "text": "Drinks",
        "userDefined": false
      }
    ],
    "isTemplate": false,
    "count": 0,
    "lang": "en",
    "updated": 0
  },
  {
    "id": "79dcb621-d75e-4989-baae-f5da7d8bbc05",
    "data": [
      {
        "text": "Desserts",
        "userDefined": false
      }
    ],
    "isTemplate": false,
    "count": 0,
    "lang": "en",
    "updated": 0
  }
]