[
  {
    "id": "f2dbb717-5345-4f1a-868e-3738beca5c6c",
    "data": [
      {
        "text": "Tomato Sauce",
        "meta": "@sys.any",
        "alias": "any",
        "userDefined": true
      }
    ],
    "isTemplate": false,
    "count": 0,
    "lang": "en",
    "updated": 0
  },
  {
    "id": "7fa3ee6f-8f3d-4ec0-8ac0-f64882d32ccb",
    "data": [
      {
        "text": "Noodles",
        "meta": "@sys.any",
        "alias": "any",
        "userDefined": true
      }
    ],
    "isTemplate": false,
    "count": 0,
    "lang": "en",
    "updated": 0
  },
  {
    "id": "776b69e2-9599-40e1-ade6-6009686ed9d7",
    "data": [
      {
        "text": "Veg samosa",
        "meta": "@sys.any",
        "alias": "any",
        "userDefined": true
      }
    ],
    "isTemplate": false,
    "count": 1,
    "lang": "en",
    "updated": 0
  },
  {
    "id": "257b127b-4ba3-4064-b882-30e1ca80f142",
    "data": [
      {
        "text": "Momos",
        "meta": "@sys.any",
        "alias": "any",
        "userDefined": true
      }
    ],
    "isTemplate": false,
    "count": 0,
    "lang": "en",
    "updated": 0
  }
]